0004168712,spotify:album:19dqa2yIehtaN4kBwpSEvP,frozen
0004149989,spotify:album:5hqEOYuBdV18Qxw4dm4gwO,buster
0004169318,spotify:album:1MNrGtXeL2Oyt3OXTJ3Em4,fiftybestkids
0004169311,spotify:album:1qPzTVWMBb13dtBH1LOaO7,christmassongskids
0004168721,spotify:track:43YmxNuLckdcgKzPQJobwe,threedaysnovember
0004169484,spotify:album:1JaRXKSFngHEZJaENQuKa7,twinkletwinkle
0004169274,spotify:album:1S7mumn7D4riEX2gVWYgPO,babyshark
0004169267,spotify:album:5GsmPOnc3M9xrkXgYdunuY,philcoulter
0004149967,spotify:album:3A3N9hChYmsWPd3px8eF5u,pepanineteen
0004149986,spotify:album:6FGyqglqi0oS3tl4SxyZxf,pawpatrol
0004104662,spotify:album:4HLpuCL8Zdhx35rt5DSI40,disneysingyourheart
0004104643,spotify:album:4Bp31FsigWRZbQfNKMH81H,thegloaming
0004104640,spotify:album:29iLGIe0w8xfJBVbhnsU6V,cocomelonnurseryrhymeclassics
0004168668,spotify:album:4inXPDlLGoSV1DdxEIc4Vq,danieltigerlifeslittlelessons
0004168655,spotify:track:3QEIcGmwEZPb24z6fUbHWh,themuffinman
0004104685,spotify:track:5peixN91cw3RcnlC5wUfNH,oldladyswallowedafly
0004104665,spotify:track:28wd3mlgnYoKAh4tyn4xdE,teddybearspicnic
0191994308,spotify:track:3lh3iiiJeiBXHSZw6u0kh6,intothemystic
0191972727,spotify:album:4WD4pslu83FF6oMa1e19mF,bloodonthetracks
0004150033,spotify:track:5JqoIGAXPYsVnaLPB8sDqq,mybonnieliesovertheocean
0004104621,spotify:track:58BKTtvTIdI3VDgwssffLl,youaremysunshine
